id,name,phone,email,address,category,city,area,source,source_url,phone_clean,email_valid,enriched,scraped_at,state,arn,license_no,membership_no,quality_score,quality_tier,blockchain_ca
1,Find Bestschoolsin India,,400059emailsupport@schoolsuniverse.comcontact,North Delhi,School,Delhi,,SCHOOL,https://www.schoolsuniverse.com,,1,1,2026-05-17 15:44:34,,,,,45,medium,
2,School Dekho®,,info@schooldekho.org,North Delhi,School,Delhi,,SCHOOL,https://www.schooldekho.org,,1,1,2026-05-17 15:44:34,,,,,45,medium,
3,Ezyschooling,,query@ezyschooling.com,North Delhi,School,Delhi,,SCHOOL,https://ezyschooling.com,,1,1,2026-05-17 15:44:34,,,,,45,medium,
4,Skoodos,,hello@skoodos.com,North Delhi,School,Delhi,,SCHOOL,https://skoodos.com,,1,1,2026-05-17 15:44:34,,,,,45,medium,
5,Sebi Investment Advisor,,dvsekhar@sebi.gov.inGo,,Investment Advisor,Multiple,,SEBI,Direct Gov,,1,1,2026-05-17 18:16:55,,,,,40,low,
6,Top 10 Bestschools In India| Updated 2026-27,8859500084,theasianschool@gmail.com,North Delhi,School,Delhi,,SCHOOL,https://www.theasianschool.net,8859500084,1,1,2026-05-17 19:50:27,,,,,80,high,
7,Top (10+2)Schoolsin India Rankings 2025,8800306519,,North Delhi,School,Delhi,,SCHOOL,https://iirfranking.com,8800306519,0,1,2026-05-17 19:50:27,,,,,55,medium,
8,Ahlcon International School,9560594007,principal@ahlconinternational.in,"Mayur Vihar, Phase 1, New Delhi 110091 (Principal: Mr. Sanjay Yadav)",School,Delhi,,NPSC,http://www.ahlconinternational.com,9560594007,1,1,2026-05-17 21:32:16,,,,,80,high,
9,Ahlcon Public School,9318311583,apsmayurvihar1@gmail.com,"Mayur Vihar,Phase 1, New Delhi 110091 (Principal: Dr. Deepak Raj Singh Bisht)",School,Delhi,,NPSC,http://www.ahlconpublicschool.com,9318311583,1,1,2026-05-17 21:32:16,,,,,80,high,
10,Air Force Bal Bharati School,9810069875,afbbschool@gmail.com,"Lodi Road, New Delhi 110003 (Principal: Ms. Sunita Gupta)",School,Delhi,,NPSC,http://www.airforcebalbhartischool.com,9810069875,1,1,2026-05-17 21:32:16,,,,,80,high,
11,Air Force Golden Jubilee Institute,9990770969,afgjisp@gmail.com,"AFGJI, Subroto Park, New Delhi 110010 (Principal: Ms. Poonam S Rampal)",School,Delhi,,NPSC,http://www.afgji.in,9990770969,1,1,2026-05-17 21:32:16,,,,,80,high,
12,Amatir Kanya Gurukul,9306751011,info@kanyagurukul.com,"Amatir Kanya Gurukul, Bachgaon Gamri, Lukhi Road, (Principal: Ms. Shalu Sharma)",School,Delhi,,NPSC,http://www.amatir.org,9306751011,1,1,2026-05-17 21:32:16,,,,,80,high,
13,Ambience Public School,9717160042,nfo@ambiencepublicschool.com,"A 1, Safdarjung Enclave, New Delhi 110029 (Principal: Ms. Himani Asija)",School,Delhi,,NPSC,http://www.ambiencepublicschool.com,9717160042,1,1,2026-05-17 21:32:16,,,,,80,high,
14,Amity International School,9818222002,principal@aiss.amity.edu,"RoadNo.44,MBlock,Saket,NewDelhi110017 (Principal: Ms. Divya Bhatia)",School,Delhi,,NPSC,http://www.amity.edu,9818222002,1,1,2026-05-17 21:32:16,,,,,80,high,
15,Amity International School,9810541598,mrsameetamohan@gmail.com,"Sector 7, Pushp Vihar, New Delhi 110017 (Principal: Ms. Ameeta Mohan)",School,Delhi,,NPSC,http://www.amity.edu/aia/pushpvihar,9810541598,1,1,2026-05-17 21:32:16,,,,,80,high,
16,Amity International School,9560742887,principal@aismv.amity.edu,"Near Samachar Apartments, Mayur Vihar, Phase 1, Delhi 110091 (Principal: Ms. Meenu Kanwar)",School,Delhi,,NPSC,http://amity.edu/ais/mayurvihar,9560742887,1,1,2026-05-17 21:32:16,,,,,80,high,
17,Apeejay School,9811206587,skool.pp.del@apj.edu,"Road No.42, Sainik Vihar Pitampura, New Delhi 110034 (Principal: Ms. Veena Goel)",School,Delhi,,NPSC,http://www.apeejay.edu/pitampura,9811206587,1,1,2026-05-17 21:32:16,,,,,80,high,
18,Apeejay School,9899223842,prin.ss.del@apeejay.edu,"Panchsheel Park, New Delhi 110017 (Principal: D K Bedi)",School,Delhi,,NPSC,http://www.apeejay.edu/panchsheel,9899223842,1,1,2026-05-17 21:32:16,,,,,80,high,
19,Army Public School,8826683700,principalapsdc@gmail.com,"Sadar Bazar Road, Delhi Cantt, New Delhi 110010 (Principal: Dr. Neetu Kapoor)",School,Delhi,,NPSC,http://www.apsdelhicantt.com,8826683700,1,1,2026-05-17 21:32:16,,,,,80,high,
20,Army Public School,9868094928,apssvprincipal@gmail.com,"Shankar Vihar, Delhi Cantt,New Delhi 110010 (Principal: Ms. Malini Narayanan)",School,Delhi,,NPSC,http://www.apsshankarvihar.ac.in,9868094928,1,1,2026-05-17 21:32:16,,,,,80,high,
21,Army Public School,9818556994,apsdk1953@gmail.com,"Ridge Road, Dhaula Kuan, New Delhi 110010 (Principal: Ms. Komal Sood)",School,Delhi,,NPSC,http://www.apsdk.com,9818556994,1,1,2026-05-17 21:32:16,,,,,80,high,
22,Arvind Gupta Dav Centenary Public School,9818983686,office@agdav.edu.in,"Principal, Northex Model Town Delhi -110009 (Principal: Ms. Mala Sood)",School,Delhi,,NPSC,http://www.agdav.edu.in,9818983686,1,1,2026-05-17 21:32:16,,,,,80,high,
23,Asn. Senior Secondary School,8130449000,principal@asnschool.org,"Mayur Vihar 1, Delhi 110091 (Principal: Ms. Swarnima Luthra)",School,Delhi,,NPSC,http://www.asnschool.org,8130449000,1,1,2026-05-17 21:32:16,,,,,80,high,
24,"Aurum, The Global School",8859505663,aurum@aurum.edu.in,Haldwani (Principal: Ms. Rupali Sehgal),School,Delhi,,NPSC,http://aurumschool.com,8859505663,1,1,2026-05-17 21:32:16,,,,,80,high,
25,B K Birla Centre For Education,9891882552,rajeevchauhan@hotmail.com,"Shirgaon, Near Prati Shirdi Sai Mandir, Post Talegaon Dabhade, Tal. Maval, Dist Pune Maharashtra – 410 506 (Principal: DR. RAJEEV KUMAR CHAUHAN)",School,Delhi,,NPSC,http://www.bkbirlacentre.com,9891882552,1,1,2026-05-17 21:32:16,,,,,80,high,
26,Bal Bharati Public School,9818277742,principal_bbpsdw@yahoo.com,"Sector 12, Dwarka, New Delhi 110078 (Principal: Ms. Suruchi Gandhi)",School,Delhi,,NPSC,http://bbpsdwarka.balbharati.org/,9818277742,1,1,2026-05-17 21:32:16,,,,,80,high,
27,Bal Bharati Public School,9810469166,geeta.gangwani@balbharati.org,"Sector 14, Rohini, Behind Saroj Hospital, New Delhi 110085 (Principal: Ms. Geeta Gangwani)",School,Delhi,,NPSC,http://www.bbpsrohini.balbharati.org,9810469166,1,1,2026-05-17 21:32:16,,,,,80,high,
28,Bal Bharati Public School,8800182674,balbharati@pp.balbharati.org,"Parwana Road, Pitampura, Delhi 110034 (Principal: Ms. Meenu Goswami)",School,Delhi,,NPSC,http://bbpspp.balbharati.org,8800182674,1,1,2026-05-17 21:32:16,,,,,80,high,
29,"Bal Bharati Public School, Bilaspur",8435919369,shalab.nigam@balbharati.org,"NTPC Sipat, Bilaspur, Chhattisgarh 495555 (Principal: Mr. Shalabh Nigam)",School,Delhi,,NPSC,http://bbpssipat.balbharati.org,8435919369,1,1,2026-05-17 21:32:16,,,,,80,high,
30,"Bal Bharati Public School, Ganga Ram",9811268181,bbpsgrh@balbharati.org,"Ganga Ram Hospital Marg, Delhi 110060 (Principal: Mr. Laksh Vir Sehgal)",School,Delhi,,NPSC,https://bbpsgr.balbharati.org/,9811268181,1,1,2026-05-17 21:32:16,,,,,80,high,
31,Bal Bhawan Public School,7042611227,bbpsmv@gmail.com,"G. C. Lagan Marg. Pocket-B, Mayur Vihar. Phase - II Delhi – 91 (Principal: Mr. Vividh Gupta)",School,Delhi,,NPSC,https://www.bbpsmv.com,7042611227,1,1,2026-05-17 21:32:16,,,,,80,high,
32,Banyan Tree School,9999701611,rina.bana@banyantree.in,"No.3 Lodhi Institutional Area, Lodhi Road, New Delhi 110003 (Principal: Ms. Rina Bana)",School,Delhi,,NPSC,http://www.banyantree.in,9999701611,1,1,2026-05-17 21:32:16,,,,,80,high,
33,Bharatiya Vidya Bhavan'S Mehta Vidyalaya,8800098551,principalmehtavidyalaya@gmail.com,"Kasturba Gandhi Marg, New Delhi 110001 (Principal: Dr. Anju Tandon)",School,Delhi,,NPSC,http://www.bvbmehtavidyalaya.org,8800098551,1,1,2026-05-17 21:32:16,,,,,80,high,
34,Bharatiya Vidya Bhavan'S V. M. Public School,9827566434,info@bhavansbaroda.org,"Teen Rasta, Makarpura Road, Vadodara, Gujarat 390009 (Principal: Mr. Rajeev Kumar Singhal)",School,Delhi,,NPSC,http://www.bhavansbaroda.org,9827566434,1,1,2026-05-17 21:32:16,,,,,80,high,
35,Bharti Public School,8800990774,info.sv@bps.edu.in,"SwasthyaVihar,Delhi1-10092 (Principal: Dr. Savita Arora)",School,Delhi,,NPSC,http://www.bps.edu.in,8800990774,1,1,2026-05-17 21:32:16,,,,,80,high,
36,Bhatnagar International School,9810034625,bhatnagarinternationalschool@gmail.com,"Sector B Pocket X, Vasant Kunj, New Delhi 110070 (Principal: Ms. Shilpa Bhatnagar)",School,Delhi,,NPSC,http://www.bhatnagarinternationalschool.in,9810034625,1,1,2026-05-17 21:32:16,,,,,80,high,
37,Bhavan'S Sl Public School,9915044485,bhavanamritsar@gmail.com,"Opp. Shivala Bhaiyan, Amritsar, Punjab 143001 (Principal: Dr. Anita Bhalla)",School,Delhi,,NPSC,http://www.bhavans.info,9915044485,1,1,2026-05-17 21:32:16,,,,,80,high,
38,Birla Vidya Niketan,9560721363,principal@birla.ac.in,"Sector-IV,PushpVihar, NewDelhi110017 (Principal: Ms. Minakshi Kushwaha)",School,Delhi,,NPSC,http://www.birla.ac.in,9560721363,1,1,2026-05-17 21:32:16,,,,,80,high,
39,Bloom Public School,9891366685,information@bloompublicschool.org,"C 8, Vasant Kunj, New Delhi 110070 (Principal: Ms. Shyma Vinod)",School,Delhi,,NPSC,http://www.bloompublicschool.org,9891366685,1,1,2026-05-17 21:32:16,,,,,80,high,
40,Bluebells School International,9871103879,,"Kailash, New Delhi 110048 (Principal: Ms. Sonal Rawat)",School,Delhi,,NPSC,http://www.bluebellseinternational.com,9871103879,0,1,2026-05-17 21:32:16,,,,,55,medium,
41,Brilliant Public School,8251822772,,"Seepat Road, Bahatarai, (CGS) Bilaspur - 495006 (Principal: Dr. Shruti Gupta)",School,Delhi,,NPSC,http://www.brilliantbsp.com,8251822772,0,1,2026-05-17 21:32:16,,,,,55,medium,
42,"Cambridge School, Srinivaspuri",9911101242,nfo.snp@cambridgeschool.edu.in,"Swami Pranavananda Marg, Ring Road, New Delhi 110064 (Principal: Ms. Sarbory Dhyani)",School,Delhi,,NPSC,http://snp.cambridgeschool.edu.in,9911101242,1,1,2026-05-17 21:32:16,,,,,80,high,
43,Carmel Convent School,7838435794,carmeldelhi@gmail.com,"Malcha Marg, Chanakya puri, New Delhi 110021 (Principal: Sr. Tina Maria D'souza)",School,Delhi,,NPSC,http://www.carmeldelhi.com,7838435794,1,1,2026-05-17 21:32:16,,,,,80,high,
44,Chinmaya Vidyalaya Senior Secondary Public School,9999213818,admin@chinmayavvdelhi.ac.in,"Vasant Vihar, New Delhi 110057 (Principal: Ms. Archana Soni)",School,Delhi,,NPSC,http://www.chinmayavvdelhi.com,9999213818,1,1,2026-05-17 21:32:16,,,,,80,high,
45,Convent Of Jesus And Mary,9717957837,cjm.delhi@yahoo.com,"1, Bangla Sahib Road, New Delhi 110001 (Principal: SR. Gracy Paul)",School,Delhi,,NPSC,http://www.cjmdelhi.com,9717957837,1,1,2026-05-17 21:32:16,,,,,80,high,
46,Crescent Public School,9818643167,mainisunil@gmail.com,Saraswati Vihar Pitampura Delhi (Principal: Mr. Sunil Maini),School,Delhi,,NPSC,http://www.crescentpublicschool.in/,9818643167,1,1,2026-05-17 21:32:16,,,,,80,high,
47,Crpf Public School,9540305420,crpfschoolrohini@gmail.com,"Sector XIV, Rohini, New Delhi-110085 (Principal: Ms. Nidhi Chaudhary)",School,Delhi,,NPSC,http://www.crpfpsrohini.org.in,9540305420,1,1,2026-05-17 21:32:16,,,,,80,high,
48,Crpf Public School,9818114466,crpfdwarka@gmail.com,"Sector 16 B Dwarka, New Delhi 110078 (Principal: Ms. Meenu Tiwari)",School,Delhi,,NPSC,https://www.crpfpsdwarka.in/,9818114466,1,1,2026-05-17 21:32:16,,,,,80,high,
49,Darbari Lal Dav Model School,9811034506,dldavpp@yahoo.co.in,"ND Block, Pitampura, Delhi 110034 (Principal: Ms. Seema Agarwal)",School,Delhi,,NPSC,http://www.dldavpp.com,9811034506,1,1,2026-05-17 21:32:16,,,,,80,high,
50,Darbarilal Dav Model School,9811950054,info@dldavsb.org,"BN Block, Shalimar Bagh, New Delhi 110088 (Principal: Ms. Reena Rajpal)",School,Delhi,,NPSC,http://www.dldavsb.in,9811950054,1,1,2026-05-17 21:32:16,,,,,80,high,
51,Dav Centenary Public School,9810372161,soniamalik277@gmail.com,"PASCHIM ENCLAVE, ROHTAK ROAD, NEW DELHI-87 (Principal: Ms. Sonia Malik)",School,Delhi,,NPSC,http://www.davschoolpemn.org,9810372161,1,1,2026-05-17 21:32:16,,,,,80,high,
52,Dav International School,8283832449,infodavintschool@yahoo.co.in,"Verka Chowk, By-pass Road, Amritsar, Punjab 143501 (Principal: Dr. Anjana Gupta)",School,Delhi,,NPSC,http://www.davintschool.org,8283832449,1,1,2026-05-17 21:32:16,,,,,80,high,
53,Dav Public School,9911194920,davsvd@hotmail.com,"Sreshtha Vihar, Delhi110092 (Principal: Ms. Suhasini Khushinder Nath)",School,Delhi,,NPSC,http://www.davsreshtha.com,9911194920,1,1,2026-05-17 21:32:16,,,,,80,high,
54,Dav Public School,9871318064,davaskph4@gmail.com,"Ashok Vihar, Phase IV, Delhi-110052 (Principal: Ms. Kusum Bhardwaj)",School,Delhi,,NPSC,http://www.davashokvihar.org,9871318064,1,1,2026-05-17 21:32:16,,,,,80,high,
55,"Dav Public School,",9911357955,principal@dav49gurugram.org,"Uppal's Southend, Sector-49, Gurgaon (Principal: Ms. Charu Maini)",School,Delhi,,NPSC,http://dav49gurugram.org,9911357955,1,1,2026-05-17 21:32:16,,,,,80,high,
56,"Dav Public School, Amritsar",9855876991,davpublicasr@gmail.com,"Lawrence Road, Amritsar, Punjab 143001 (Principal: Ms. Anita Mehra)",School,Delhi,,NPSC,http://www.davpublic.com,9855876991,1,1,2026-05-17 21:32:16,,,,,80,high,
57,"Dav Public School, Pushpanjali Enclave",9871922170,principal@davpushpanjali.com,"Pushpanjali Enclave, Pitampura, Outer Ring Road, Delhi -110093 (Principal: Ms. Rashmi Raj Biswal)",School,Delhi,,NPSC,http://www.davpushpanjali.in,9871922170,1,1,2026-05-17 21:32:16,,,,,80,high,
58,Dayawati Modi Public School,1232242674,principal@dmpsraebareli.in,"Modi Pon, Hapur Road, Modi Nagar, U.P. 201204 (Principal: Dr. N. P. Singh)",School,Delhi,,NPSC,http://www.dmapsmodinagar.org,1232242674,1,1,2026-05-17 21:32:16,,,,,80,high,
59,Delhi International School,9818492362,principal.dwarka@dis.ac.in,"Sector 23, Dwarka, New Delhi 110077 (Principal: Ms. Sunita Sharma)",School,Delhi,,NPSC,http://www.dis.ac.in,9818492362,1,1,2026-05-17 21:32:16,,,,,80,high,
60,Delhi Police Public School,8130996770,ruby2malhotra@gmail.com,"B 4, Safdarjung Enclave, New Delhi 110029 (Principal: Ms. Ruby Malhotra)",School,Delhi,,NPSC,http://www.delhipolicepublicschool.com,8130996770,1,1,2026-05-17 21:32:16,,,,,80,high,
61,"Delhi Public School, Dwarka",9958691151,mail@dpsdwarka.com,"Sector 3, Ph I, Dwarka, New Delhi 110078 (Principal: Ms. Priya Narayanan)",School,Delhi,,NPSC,http://www.dpsdwarka.com,9958691151,1,1,2026-05-17 21:32:16,,,,,80,high,
62,"Delhi Public School, Jharkhand",7250643111,info@dpsbokaro.com,"Sector IV, Bokaro Steel City, District Bokaro, Jharkhand 827004 (Principal: Mr. A. S. Gangwar)",School,Delhi,,NPSC,http://www.dpsbokaro.com,7250643111,1,1,2026-05-17 21:32:16,,,,,80,high,
63,"Delhi Public School, Jodhpur",9413327500,dpsjodhpur@rediffmail.com,"Bypass Road, Pal, Jodhpur, Rajasthan 342014 (Principal: Mr. Bikram Singh Yadav)",School,Delhi,,NPSC,http://www.dpsjodhpur.in,9413327500,1,1,2026-05-17 21:32:16,,,,,80,high,
64,"Delhi Public School, Mathura Road",9810556700,mainoffice@dpsmathuraroad.org,"Mathura Road, New Delhi 110003 (Principal: Ms. Reema Sharma)",School,Delhi,,NPSC,http://www.dpsmathuraroad.org,9810556700,1,1,2026-05-17 21:32:16,,,,,80,high,
65,"Delhi Public School, R. K. Puram",8368408010,principal@dpsrkp.net,"RK Puram, New Delhi 110022 (Principal: Ms. Padma Srinivasan)",School,Delhi,,NPSC,http://www.dpsrkp.net,8368408010,1,1,2026-05-17 21:32:16,,,,,80,high,
66,"Delhi Public School, Rohini",9811995848,principal@dpsrohini.com,"Sector-24, Phase-III, Rohini, Delhi-110085 (Principal: Ms. Kanika Sachdeva Govi)",School,Delhi,,NPSC,http://www.dpsrohini.com,9811995848,1,1,2026-05-17 21:32:16,,,,,80,high,
67,"Delhi Public School, Vasant Kunj",9968424001,principal@dpsvasantkunj.com,"Sector C, Pocket 5, Vasant Kunj, New Delhi 110070 (Principal: Ms. Deepti Vohra)",School,Delhi,,NPSC,http://www.dpsvasantkunj.com,9968424001,1,1,2026-05-17 21:32:16,,,,,80,high,
68,"Delhi Public School, Vidyutnagar",9650257843,pdpsvn@gmail.com,"NTPC Dadri, Vidyutnagar, Gautam Budh Nagar, U.P. 201008 (Principal: Mr. Keshav Kant Sharma,)",School,Delhi,,NPSC,http://www.dpsvndadri.com,9650257843,1,1,2026-05-17 21:32:16,,,,,80,high,
69,Desh Raj Vadhera Dav Centenary Public School,9872872189,gambhiry@yahoo.in,"Behind DRV DAV Centenary College GT Road, Phillaur, Jalandhar, Punjab (Principal: Mr. Yogesh Gambhir)",School,Delhi,,NPSC,http://www.drvdavphillaur.com,9872872189,1,1,2026-05-17 21:32:16,,,,,80,high,
70,Don Bosco School,8210844626,principal@donboscoschool.in,"Alaknanda, New Delhi-110019 (Principal: Fr. Hemlet Kujur)",School,Delhi,,NPSC,http://www.donboscoschool.in,8210844626,1,1,2026-05-17 21:32:16,,,,,80,high,
71,Dpsg,9871063335,info.dpsgpv@dpsgs.org,"I Block, Palam Vihar, District, Gurgaon 122017 (Principal: Ms. Jayshree Patel)",School,Delhi,,NPSC,https://www.dpsgs.org/palam-vihar/,9871063335,1,1,2026-05-17 21:32:16,,,,,80,high,
72,Faith Academy,9899284142,,"John L Dorsey Road, Prasad Nagar, New Delhi 110005 (Principal: Dr. M Kannan)",School,Delhi,,NPSC,http://www.faithacademy.in,9899284142,0,1,2026-05-17 21:32:16,,,,,55,medium,
73,Golden Jubilee School,9839470360,gjsjalna@gmail.com,"Near Santoshi Mata Temple, Jalna, Maharashtra-431203 (Principal: Ms. Priya Peter)",School,Delhi,,NPSC,http://www.goldenjubileeschool.in,9839470360,1,1,2026-05-17 21:32:16,,,,,80,high,
74,Greenfields Public School,9810862699,info@greenfieldspublicschool.com,"GTB Enclave, Dilshad Garden, New Delhi 110093 (Principal: Ms. Prerna Barsaley)",School,Delhi,,NPSC,http://www.greenfieldspublicschool.com,9810862699,1,1,2026-05-17 21:32:16,,,,,80,high,
75,Guru Harikrishan Public School,9810328385,ghpsig@gmail.com,"1 Purana Quila Road, New Delhi 110001 (Principal: Ms. Mandeep Kaur)",School,Delhi,,NPSC,http://gnpspunjabibagh.org/,9810328385,1,1,2026-05-17 21:32:16,,,,,80,high,
76,Guru Harikrishan Public School,9013329715,sukhwantkuar@gmail.com,"Poorvi Marg, Vasant Vihar, New Delhi 110057 (Principal: Dr. Sukhwant Kaur)",School,Delhi,,NPSC,http://www.ghpsvv.com/site/,9013329715,1,1,2026-05-17 21:32:16,,,,,80,high,
77,Guru Harikrishan Public School,9899164074,,"100 Ft. Road, Behind Rajiv Automobiles, Loni Road, Shahdara, Delhi 110094 (Principal: Mr. Satbir Singh)",School,Delhi,,NPSC,http://www.ghpsloniroad.edu.in,9899164074,0,1,2026-05-17 21:32:16,,,,,55,medium,
78,Guru Nanak Public School,9811392163,,"West Avenue Road, Punjabi Bagh, New Delhi 110026 (Principal: Ms. Reema Punj)",School,Delhi,,NPSC,http://gnpspunjabibagh.org/,9811392163,0,1,2026-05-17 21:32:16,,,,,55,medium,
79,Guru Tegh Bahadur 3Rd Centenary Public School,9871620111,gtb3school@gmail.com,"CBlock, Mansarover Garden, New Delhi 110015 (Principal: Ms. Jaspritma Kaur)",School,Delhi,,NPSC,http://www.gtb3rdcentenary.com/,9871620111,1,1,2026-05-17 21:32:16,,,,,80,high,
80,Gyan Bharati School,9810490224,gyanbharati@gmail.com,"Block D, Saket, New Delhi-110017 (Principal: Ms. Nishi. M Manglik)",School,Delhi,,NPSC,http://www.gyanbharatischool.net/,9810490224,1,1,2026-05-17 21:32:16,,,,,80,high,
81,Gyan Mandir Public School,9953883608,gyan_mandir2002@yahoo.com,"E Block, Naraina Vihar, New Delhi 110028 (Principal: Ms. Rajesh Banopreeya)",School,Delhi,,NPSC,http://www.gyanmandirpublicschool.com/,9953883608,1,1,2026-05-17 21:32:16,,,,,80,high,
82,Hamdard Public School,7835030682,hpsdelhi@rediffmail.com,"Talimabad, Sangam Vihar, New Delhi 110080 (Principal: Ms. Saher M A Sayed)",School,Delhi,,NPSC,http://hamdardpublicschool.in/,7835030682,1,1,2026-05-17 21:32:16,,,,,80,high,
83,Hansraj Model School,9999044329,info@hansrajmodelschool.org,"Road No.73, Punjabi Bagh West, New Delhi 110026 (Principal: Ms. Heemal Handoo Bhat)",School,Delhi,,NPSC,http://www.hansrajmodelschool.org/,9999044329,1,1,2026-05-17 21:32:16,,,,,80,high,
84,Himalaya Public Sr. Sec School,9210893688,arunahps86@gmail.com,"D 12, Sector 7, Rohini, Delhi 110085 (Principal: Ms. Aruna Sivaraj)",School,Delhi,,NPSC,https://www.himalayapublicschool.com/,9210893688,1,1,2026-05-17 21:32:16,,,,,80,high,
85,Holy Child Auxilium School,8527555227,hcauxiliumvv@yahoo.co.in,"Poorvi Marg, Vasant Vihar, New Delhi 110057 (Principal: Sr. Celina Alexander)",School,Delhi,,NPSC,http://www.hcauxilium.co.in/,8527555227,1,1,2026-05-17 21:32:16,,,,,80,high,
86,Holy Child Sr Sec School,8570860749,sr.mallika10@gmail.com,"Tagore Garden, New Delhi 110027 (Principal: Sr. Mallika)",School,Delhi,,NPSC,http://www.holychilddelhi.org/,8570860749,1,1,2026-05-17 21:32:16,,,,,80,high,
87,"Indian School, Muscat",6824794919,ismoman@omantel.net.om,"PB : 2470, P.C. 112, Sultanate of Oman (Principal: Mr. Rakesh Joshi)",School,Delhi,,NPSC,http://www.ismoman.com/,6824794919,1,1,2026-05-17 21:32:16,,,,,80,high,
88,Indraprastha International School,9717131728,ipdwarka@indraprasthaschool.com,"Sector 10, Dwarka, New Delhi 110075 (Principal: Dr. Rajesh Hassija)",School,Delhi,,NPSC,http://www.indraprasthaschool.com/,9717131728,1,1,2026-05-17 21:32:16,,,,,80,high,
89,Indraprastha World School,9868483330,principal.ipws@indraprasthaschool.com,"A 2 Block, Paschim Vihar, New Delhi 110063 (Principal: Ms. Ruchira Bhatnagar)",School,Delhi,,NPSC,http://www.indraprasthaschool.com/,9868483330,1,1,2026-05-17 21:32:16,,,,,80,high,
90,Itl Public School,9868521047,itlschool@yahoo.in,"Sector-9, Dwarka, New Delhi-110077 (Principal: Dr. Sudha Acharya)",School,Delhi,,NPSC,http://www.itlpublicschool.net/,9868521047,1,1,2026-05-17 21:32:16,,,,,80,high,
91,Jaspal Kaur Public School,9650019430,principal@jkps.org,"B' Paschimi, Shalimar Bagh, New Delhi 110088 (Principal: Ms. Asha Saran Srivastava)",School,Delhi,,NPSC,http://www.jkps.org/,9650019430,1,1,2026-05-17 21:32:16,,,,,80,high,
92,K R Mangalam World School,9311973330,principal.southcity@krmangalam.com,"South City 1, Gurgaon, Haryana (Principal: Dr. Aparna Seebaluck)",School,Delhi,,NPSC,http://www.krmangalamgurgaon.com/,9311973330,1,1,2026-05-17 21:32:16,,,,,80,high,
93,K.R. Mangalam World School,9717861133,gk@krmangalam.com,"S Block, Greater Kailash – II,New Delhi-48 (Principal: Dr. Jyoti Gupta)",School,Delhi,,NPSC,https://krmangalam.com/gk2/,9717861133,1,1,2026-05-17 21:32:16,,,,,80,high,
94,Kiit World School,9811689898,sangeeta.bhatia@kiitworld.in,"Zone H 4,Suvidha Kunj,Pitampura, Delhi 110034 (Principal: Dr. Sangeeta Bhatia)",School,Delhi,,NPSC,http://www.kiitworld.in/,9811689898,1,1,2026-05-17 21:32:16,,,,,80,high,
95,Kulachi Hansraj Model School,9717195811,khmsav3@gmail.com,"Ashok Vihar, Phase III, Near Sunder Lal Jain Hospital (Principal: Ms. Sneh Verma)",School,Delhi,,NPSC,http://www.khms.ac.in/,9717195811,1,1,2026-05-17 21:32:16,,,,,80,high,
96,Laxman Public School,9810449697,general@laxmanpublicschool.com,"Hauz Khas Enclave, New Delhi 110016 (Principal: Mrs. Seema Bharti Mishra)",School,Delhi,,NPSC,http://www.laxmanpublicschool.com/,9810449697,1,1,2026-05-17 21:32:16,,,,,80,high,
97,Loreto Convent School,7428432299,loretodelhi@gmail.com,"Parade Road, Delhi Cantt., New Delhi 110010 (Principal: Ms. Alice Rose D'Lima)",School,Delhi,,NPSC,https://www.loretodelhi.com/,7428432299,1,1,2026-05-17 21:32:16,,,,,80,high,
98,Lovely Public Sr. Secondary School,9811887787,lpspioneersun@gmail.com,"Priyadarshini Vihar, Near Bank Enclave, New Delhi 110092 (Principal: Dr. Bhawna Malik)",School,Delhi,,NPSC,http://www.lpsschool.com/,9811887787,1,1,2026-05-17 21:32:16,,,,,80,high,
99,Mahadevi Birla World Academy,9830260979,info@mbwa.org,"17A, Darga Road, Beniapukur, Kolkata, West Bengal – 700017 (Principal: Ms. Anjana Saha)",School,Delhi,,NPSC,http://www.mbwa.org.in/,9830260979,1,1,2026-05-17 21:32:16,,,,,80,high,
100,Maharaja Agrasen Model School,9810784408,pratibhakohli8@gmail.com,"CD Block, Pitampura, New Delhi 110034 (Principal: Dr. Pratibha Kohli)",School,Delhi,,NPSC,http://www.agrasenschool.com/,9810784408,1,1,2026-05-17 21:32:16,,,,,80,high,
101,Maharaja Harisingh Agriculture Collegiate School,9469648602,mhacnagbani@yahoo.com,"Nagbani PO, Dumana, Jammu, J & K 181206 (Principal: Mr. B.S. Rawat)",School,Delhi,,NPSC,http://www.mhacnagbani.com/,9469648602,1,1,2026-05-17 21:32:16,,,,,80,high,
102,Mahavir Senior Model School,9990091973,msmsdelhi83@gmail.com,"Sangam Park Extn., G. T. Karnal Road, Delhi 110033 (Principal: Ms. Ruchika Sukhija)",School,Delhi,,NPSC,http://www.msmsdelhi.in/,9990091973,1,1,2026-05-17 21:32:16,,,,,80,high,
103,Mamta Modern School,9810138035,mamtamodernschool@gmail.com,"H Block, Vikaspuri New Delhi 110018 (Principal: Ms. Pallavi Sharma)",School,Delhi,,NPSC,http://www.mamtamodernschool.com/,9810138035,1,1,2026-05-17 21:32:16,,,,,80,high,
104,Manav Sthali School,9311126526,info@manavsthalischool.com,"R Block, New Rajinder Nagar, New Delhi 110060 (Principal: Ms. Dipti Anurag Bhatnagar)",School,Delhi,,NPSC,http://www.manavsthalischool.com/,9311126526,1,1,2026-05-17 21:32:16,,,,,80,high,
105,Mata Jai Kaur Public School,9818290022,mjkps@hotmail.com,"Ashok Vihar, Ph III, New Delhi 110052 (Principal: Ms. Rashmi Mehta)",School,Delhi,,NPSC,http://www.mjkpsdelhi.com/,9818290022,1,1,2026-05-17 21:32:16,,,,,80,high,
106,Mater Dei School,9582624118,contact@materdeischool.in,"Tilak Lane, New Delhi-110001 (Principal: SR. Stella Joseph)",School,Delhi,,NPSC,http://www.materdeischool.in/,9582624118,1,1,2026-05-17 21:32:16,,,,,80,high,
107,Mira Model School,9289316610,Meenakshi.sant@miramodelschooldelhi.edu.in,"B Block, Janak Puri, New Delhi 110058 (Principal: Ms. Meenakshi Sant)",School,Delhi,,NPSC,http://www.miramodelschooldelhi.edu.in/,9289316610,1,1,2026-05-17 21:32:16,,,,,80,high,
108,Modern Public School,9811705555,info@mpsshalimarbagh.com,"BM Block, Shalimar Bagh West, New Delhi 110088 (Principal: Ms. Alka Kapur)",School,Delhi,,NPSC,http://www.mpsshalimarbagh.com/,9811705555,1,1,2026-05-17 21:32:16,,,,,80,high,
109,"Modern School, Barakhamba Road",8860035595,principal@modernschool.net,"Barakhamba Road, New Delhi 110001 (Principal: Dr. Vijay Datta)",School,Delhi,,NPSC,http://www.modernschool.net/,8860035595,1,1,2026-05-17 21:32:16,,,,,80,high,
110,"Modern School, Vasant Vihar",8130532115,po.msvv@gmail.com,"Poorvi Marg, Vasant Vihar, New Delhi 110057 (Principal: Ms. Meenakshi Sahni)",School,Delhi,,NPSC,http://www.modernschoolvasantvihar.org/,8130532115,1,1,2026-05-17 21:32:16,,,,,80,high,
111,Mont Fort School,7389774053,montfortschooldelhi@live.com,"Ashok Vihar, Ph I, New Delhi 110052 (Principal: Bro. Thampy Alex)",School,Delhi,,NPSC,http://www.montfortschooldelhi.in/,7389774053,1,1,2026-05-17 21:32:16,,,,,80,high,
112,Mother'S Global School,9818852411,info@mothersglobal.in,"Cblock, Preet Vihar, Delhi-110092 (Principal: Ms. Archana Manocha)",School,Delhi,,NPSC,http://www.mothersglobal.in/,9818852411,1,1,2026-05-17 21:32:16,,,,,80,high,
113,Motilal Nehru School Of Sports,9888890792,mnssrai@rediffmail.com,"20th Milestone, Rai, Sonipat, Haryana 131029 (Principal: Col. Ashok Mor (Retd))",School,Delhi,,NPSC,http://www.mnssrai.com/,9888890792,1,1,2026-05-17 21:32:16,,,,,80,high,
114,Mount Abu Public School,9868387227,jyotiarora212@gmail.com,"Pocket B/8, Sector 5, Rohini, New Delhi 110085 (Principal: Ms. Jyoti Arora)",School,Delhi,,NPSC,http://www.mountabuschool.com/,9868387227,1,1,2026-05-17 21:32:16,,,,,80,high,
115,Mount St. Mary'S School,9999017544,msmschool1963@gmail.com,"75 Parade Road, Delhi Cantt. 110010 (Principal: Bro. Naveen Francis)",School,Delhi,,NPSC,http://www.msmschool.net/,9999017544,1,1,2026-05-17 21:32:16,,,,,80,high,
116,Mrg School,9818030602,namaste@mrgschool.edu.in,"Sector-3, Pocket-B5, Guru Govalkar Marg (Principal: Ms. Anshu Mittal)",School,Delhi,,NPSC,http://www.mrgsschool.edu.in/,9818030602,1,1,2026-05-17 21:32:16,,,,,80,high,
117,N. H. Goel World School,9829099251,principal@nhgoel.com,"Vidhan Sabha Road, Nardaha, Raipur, Chattisgarh 493111 (Principal: Ms. Krishna Bhati)",School,Delhi,,NPSC,https://nhgoel.com/,9829099251,1,1,2026-05-17 21:32:16,,,,,80,high,
118,N.C. Jindal Public School,9811621221,ncjindalps@yahoo.co.in,"Road No. 73, Punjabi Bagh West, New Delhi 110026 (Principal: Shri Deepak Dua)",School,Delhi,,NPSC,http://www.ncjindalps.com/,9811621221,1,1,2026-05-17 21:32:16,,,,,80,high,
119,N.K.Bagrodia Public School,9650239555,principalnkbpsrohini@gmail.com,"Ahinsa Marg, Opp. Varun Apartment, Sect. 9, Rohini, New Delhi 110085 (Principal: Mr. Prashant Parashar B)",School,Delhi,,NPSC,http://www.nkbpsrohini.com/,9650239555,1,1,2026-05-17 21:32:16,,,,,80,high,
120,Navy Children School,9810138563,principal.ncsd@gmail.com,"Satya Marg, Chanakya Puri, New Delhi 110021 (Principal: Ms. Oshima Mathur)",School,Delhi,,NPSC,http://ncsdelhi.nesnavy.in/,9810138563,1,1,2026-05-17 21:32:16,,,,,80,high,
121,New Era Public School,9810153994,uchpneps@gmail.com,"H 17 Main Mayapuri Road, New Delhi 110064 (Principal: Ms. Vandana Chawla)",School,Delhi,,NPSC,http://www.newerapublicschool.in/,9810153994,1,1,2026-05-17 21:32:16,,,,,80,high,
122,O. P. Jindal Modern School,9996006533,info@opjms.edu.in,"6 KM Stone, OP Jindal Marg, Hissar, Haryana 125005 (Principal: Ms. Nandita Sahu)",School,Delhi,,NPSC,http://www.opjms.edu.in/,9996006533,1,1,2026-05-17 21:32:16,,,,,80,high,
123,"O.P. Jindal School, Raigarh",9826361056,opjs.raigarh@jindalsteel.com,"Patrapali, Kharsia Road, Raigarh, Chattisgarh-496 001 (Principal: Mr. Ram Krishna Trivedi)",School,Delhi,,NPSC,http://www.opjsrgh.in/,9826361056,1,1,2026-05-17 21:32:16,,,,,80,high,
124,Pinegrove School,9805004108,subathu@pinegroveschool.com,"Kuthar Road, Subathu, District Solan, H.P. 173206 (Principal: Mr. Pankaj Sharma)",School,Delhi,,NPSC,http://www.pinegroveschool.in/,9805004108,1,1,2026-05-17 21:32:16,,,,,80,high,
125,Pinegrove School,9816077505,headmaster@pinegroveschool.com,"Kausauli Road, Dharampur, District Solan H.P. 173209 (Principal: Capt. A. J. Singh)",School,Delhi,,NPSC,http://www.pinegroveschool.com/,9816077505,1,1,2026-05-17 21:32:16,,,,,80,high,
126,Presentation Convent Sr. Sec. School,9868969747,pcsdelhi64@gmail.com,"S.P. Mukherjee Marg, Delhi 110006 (Principal: SR. Regi Joseph)",School,Delhi,,NPSC,http://www.pcsdelhi.in/,9868969747,1,1,2026-05-17 21:32:16,,,,,80,high,
127,Ramjas Public School (Day Boarding),9871822522,ramjasdayboarding2007@gmail.com,"Lane 10, Anand Parbat, New Delhi 110005 (Principal: Ms. Sarika Arora)",School,Delhi,,NPSC,http://www.ramjasdayboarding.org/,9871822522,1,1,2026-05-17 21:32:16,,,,,80,high,
128,Ramjas School,9911723230,info@ramjasap.edu.in,"Anand Parvat, New Delhi 110005 (Principal: Mr. Vikas)",School,Delhi,,NPSC,http://www.ramjasap.edu.in/,9911723230,1,1,2026-05-17 21:32:16,,,,,80,high,
129,Ramjas School,9911128682,richa.sharma@ramjasrkp.com,"Sector IV, R. K. Puram, New Delhi 110022 (Principal: Ms. Richa Sharma)",School,Delhi,,NPSC,http://www.ramjasschoolrkpuram.com/,9911128682,1,1,2026-05-17 21:32:16,,,,,80,high,
130,Ramjas School,8860091221,principal@ramjaspusa.com,"Pusa Road, New Delhi-110005 (Principal: Ms. Surabhi Dua)",School,Delhi,,NPSC,http://www.ramjaspusa.com/,8860091221,1,1,2026-05-17 21:32:16,,,,,80,high,
131,S. D. Public School,9811858030,meenakshiguptaa21@gmail.com,"Patel Nagar, Delhi 110008 (Principal: Dr. Meenakshi Gupta)",School,Delhi,,NPSC,http://www.sdpsepn.edu.in/,9811858030,1,1,2026-05-17 21:32:16,,,,,80,high,
132,Sadhuvaswani International School For Girls,9871842237,office@svisgdelhi.com,"2nd Street, Shanti Niketan, New Delhi 110021 (Principal: Dr. Santosh Vyas)",School,Delhi,,NPSC,http://www.svisgdelhi.com/,9871842237,1,1,2026-05-17 21:32:16,,,,,80,high,
133,Saint Soldier'S Divine Public School,9877026162,info@saintsoldierschool.org,"Sector 16, Panchkula, Haryana 134109 (Principal: Mr. Ranjan Kumar)",School,Delhi,,NPSC,http://www.saintsoldierschool.org/,9877026162,1,1,2026-05-17 21:32:16,,,,,80,high,
134,Salwan Public School,9312749269,sps@salwanschools.com,"Girdharilal Salwan Marg, Rajinder Nagar, New Delhi 110060 (Principal: Ms. Priyanka Barara)",School,Delhi,,NPSC,http://www.salwanpublicschool.com/,9312749269,1,1,2026-05-17 21:32:16,,,,,80,high,
135,Salwan Public School,9717248449,principal.spsmayurvihar@salwanschools.com,"Kondli Gharouli Complex, Mayur Vihar, Phase - III, Delhi – 110096 (Principal: Capt Richa Sharma Katyal (Retd.))",School,Delhi,,NPSC,http://www.spsmayurvihar.com/,9717248449,1,1,2026-05-17 21:32:16,,,,,80,high,
136,Sanskriti School,9350317217,school@sanskritischool.edu.in,"Dr. S. Radhakrishnan Marg, Chanakyapuri, New Delhi 110021 (Principal: Ms. Richa Sharma Agnihotri)",School,Delhi,,NPSC,http://www.sanskritischool.edu.in/,9350317217,1,1,2026-05-17 21:32:16,,,,,80,high,
137,Sardar Patel Vidyalaya,9868274015,spv@spvdelhi.org,"Lodi Estate, Maharishi Raman Marg, New Delhi 110003 (Principal: Ms. Anuradha Joshi)",School,Delhi,,NPSC,http://www.spvdelhi.org/,9868274015,1,1,2026-05-17 21:32:16,,,,,80,high,
138,Shaheed Rajpal Dav Public School,9810248214,davr_dv@yahoo.com,"Dayanand Vihar, New Delhi 110092 (Principal: Ms. Vinita Kapoor)",School,Delhi,,NPSC,http://www.davdayanandvihar.net/,9810248214,1,1,2026-05-17 21:32:16,,,,,80,high,
139,Shiv Nadar School,9811312450,director-principalggn@sns.edu.in,"DLF City, Phase-I, E-Block, Pahari Road, Gurgaon, Haryana (Principal: Ms. Monika Sagar)",School,Delhi,,NPSC,https://shivnadarschool.edu.in,9811312450,1,1,2026-05-17 21:32:16,,,,,80,high,
140,Shree Vasishtha Vidhyalaya,9825296605,drakgaur@rediffmail.com,"AT & PO : VAV, NH No.48, Taluk : Kamrej, Surat, Gujarat 394326 (Principal: Dr. Ajit Kumar Gaur)",School,Delhi,,NPSC,http://www.vasishtha.ac.in/,9825296605,1,1,2026-05-17 21:32:16,,,,,80,high,
141,Sir Padampat Singhania Education Centre,5128812414,principal@spsec.co.in,"Kamla Nagar, Kanpur, U.P. 208005 (Principal: Ms. Bhawna Gupta)",School,Delhi,,NPSC,http://www.spsec.co.in/,5128812414,1,1,2026-05-17 21:32:16,,,,,80,high,
142,Springdales School,9818053689,principal@springdalespusa.com,"Upper Ridge Road Junction, Pusa Road, New Delhi 110005 (Principal: Dr. Mala Gupta)",School,Delhi,,NPSC,http://www.springdalespusa.com/,9818053689,1,1,2026-05-17 21:32:16,,,,,80,high,
143,Springdales School,9811564947,admn.springdales@gmail.com,"Benito Jaurez Marg, Dhaula Kuan, New Delhi 110021 (Principal: Ms. Ritu Madan)",School,Delhi,,NPSC,http://www.springdales.com/,9811564947,1,1,2026-05-17 21:32:16,,,,,80,high,
144,St Froebel Sr Secondary School,9773794054,info@stfroebelschool.com,"Paschim Vihar, Delhi (Principal: Dr. Neeraj Vohra)",School,Delhi,,NPSC,http://stfroebelschool.com,9773794054,1,1,2026-05-17 21:32:16,,,,,80,high,
145,St. Columbas School,8468817002,principal@stcolumbas.edu.in,"1, Ashok Place, New Delhi 110001 (Principal: Bro. Robert Fernandes)",School,Delhi,,NPSC,http://www.stcolumbas.edu.in/,8468817002,1,1,2026-05-17 21:32:16,,,,,80,high,
146,St. Francis De Sales Sr. Sec. School,8929832696,mail@sfsdelhi.com,"A 4C, Janak Puri, New Delhi 110058 (Principal: Fr.B. Anthony Amaladoss)",School,Delhi,,NPSC,http://www.sfsdelhi.com/,8929832696,1,1,2026-05-17 21:32:16,,,,,80,high,
147,St. Margaret Sr. Sec. School,9810576748,office@stmargaretsrsecschool.com,"D Block, Prashant Vihar, Rohini, Delhi 110085 (Principal: Ms. Simmi Bhatia)",School,Delhi,,NPSC,http://www.stmargaretsrsecschool.com/,9810576748,1,1,2026-05-17 21:32:16,,,,,80,high,
148,St. Mary'S School,9810191793,contact@stmarysdelhi.org,"Madam Sara Mathew Lane, B2 Block, Safdarjung Enclave, N.D. 110029 (Principal: Dr. Annie Koshi)",School,Delhi,,NPSC,http://www.stmarysdelhi.org,9810191793,1,1,2026-05-17 21:32:16,,,,,80,high,
149,St. Thomas Girls Sr. Sec. School,9971449191,stsschool@gmail.com,"Mandir Marg, New Delhi-110001 (Principal: Ms. Anuradha Amos)",School,Delhi,,NPSC,http://www.stthomasgirlsschool.com,9971449191,1,1,2026-05-17 21:32:16,,,,,80,high,
150,St. Thomas School,9818490340,principal@stthomasdwarka.com,"Goyala Vihar, Near Sector 19 Dwarka, New Delhi 110071 (Principal: Ms. Meneka Ishwinder Singh)",School,Delhi,,NPSC,http://www.stthomasdwarka.com,9818490340,1,1,2026-05-17 21:32:16,,,,,80,high,
151,Sunbeam English School,9721452162,bhagwanpur@sunbeamschools.com,"206, Bhagwanpur, Lanka, Varanasi, U.P. 221005 (Principal: Ms. Prerna Sharma)",School,Delhi,,NPSC,http://www.sunbeamschools.com/school/bhagwanpur,9721452162,1,1,2026-05-17 21:32:16,,,,,80,high,
152,Sunbeam School,9721452301,lht@sunbeamschools.com,"Near Lahartara Over bridge, Behind D R M Office, Lahartara, Varanasi,U.P.221002 (Principal: Ms. Perveen Quaiser)",School,Delhi,,NPSC,http://www.sunbeamschools.com,9721452301,1,1,2026-05-17 21:32:16,,,,,80,high,
153,Sunbeam School,9721452401,principal.varuna@sunbeamschools.com,"Central Jail Road, Sikraul, Varanasi, U.P. 221002 (Principal: Dr. Anupama Mishra)",School,Delhi,,NPSC,http://sunbeamschools.com/school/varuna/,9721452401,1,1,2026-05-17 21:32:16,,,,,80,high,
154,Sunbeam School,9839666098,principal@sunbeammughalsarai.com,"Dulhipur, Mughalsarai, Chandauli, U.P. 232101 (Principal: Mr. Chinmoy Kumar Palit)",School,Delhi,,NPSC,http://www.sunbeammughalsarai.com,9839666098,1,1,2026-05-17 21:32:16,,,,,80,high,
155,Sunbeam School,9721452816,sunbeamschoolmau@gmail.com,"SH 34, Alinagar, Uttar Pradesh – 275 102 (Principal: Ms. Poonam Tiwari)",School,Delhi,,NPSC,http://www.sunbeamschoolmau.edu.in,9721452816,1,1,2026-05-17 21:32:16,,,,,80,high,
156,"Sunbeam School, Ballia",7755005905,principalsunbeamballia@gmail.com,"Agarsanda, Near Hanuman Temple, Ballia, U.P. – 277 001 (Principal: Dr. Arpita Singh)",School,Delhi,,NPSC,https://sunbeamballia.edu.in,7755005905,1,1,2026-05-17 21:32:16,,,,,80,high,
157,Sunbeam Suncity (School & Hostel),9721452601,principal.suncity@sunbeamschools.com,"821 Ga, Bachhaon Road, Karsana, Varanasi -221011 (Principal: Ms. Archana Singh)",School,Delhi,,NPSC,http://www.sunbeamschools.com/school/suncity,9721452601,1,1,2026-05-17 21:32:16,,,,,80,high,
158,Tagore International School,9810704879,principal.eok@tagoreint.com,"E Block, East of Kailash, New Delhi 110065 (Principal: Ms. Mallika Preman)",School,Delhi,,NPSC,http://www.tagoreint.com,9810704879,1,1,2026-05-17 21:32:16,,,,,80,high,
159,Tagore International School,8860195479,info.vv@tagoreint.com,"C Block, Paschimi Marg, Vasant Vihar, New Delhi 110057 (Principal: Dr. Parul Tyagi)",School,Delhi,,NPSC,http://www.tagoreint.com,8860195479,1,1,2026-05-17 21:32:16,,,,,80,high,
160,The Air Force School,9810971672,tafsdelhi@gmail.com,"Subroto Park, New Delhi 110010 (Principal: Ms. Amita Gupta)",School,Delhi,,NPSC,http://www.tafssp.com,9810971672,1,1,2026-05-17 21:32:16,,,,,80,high,
161,The Indian Heights School,9899889609,theindianheights@gmail.com,"Sector - 23, Dwarka, New Delhi – 110077 (Principal: Ms. Archana Narain)",School,Delhi,,NPSC,http://www.theindianheightsschool.com,9899889609,1,1,2026-05-17 21:32:16,,,,,80,high,
162,The Indian School,9810576830,contactus@theindianschool.in,"Josip Broz Tito Marg, Near Moolchand Flyover, New Delhi 110049 (Principal: Ms. Tania Joshi)",School,Delhi,,NPSC,http://www.theindianschool.in/,9810576830,1,1,2026-05-17 21:32:16,,,,,80,high,
163,The Mann School,9999640061,info@themannschool.com,"Holambi Khurd, Delhi 110082 (Principal: Mr. Srinivasan Sriram)",School,Delhi,,NPSC,http://www.themannschool.com,9999640061,1,1,2026-05-17 21:32:16,,,,,80,high,
164,The Mother'S International School,8178435550,contact@themis.in,"Sri Aurobindo Marg, New Delhi 110016 (Principal: Ms. Milan Mala Sarin)",School,Delhi,,NPSC,http://www.themis.in,8178435550,1,1,2026-05-17 21:32:16,,,,,80,high,
165,Titiksha Public School,8595806950,info@titikshapublicschool.com,"Sector11, Rohini, Delhi 110085 (Principal: Dr. Neeraj Vohra)",School,Delhi,,NPSC,http://www.titikshapublicschool.com,8595806950,1,1,2026-05-17 21:32:16,,,,,80,high,
166,Vallabh Ashram'S M G M Amin & V N Savani School,9537166622,school.mgm@vallabhashram.in,"N.H.48, Killa Pardi, Valsad, Gujarat 396125 (Principal: Mr. R.P. Maurya)",School,Delhi,,NPSC,http://www.vamgm.edu.in,9537166622,1,1,2026-05-17 21:32:16,,,,,80,high,
167,Veda Vyasa Dav Public School,9811770804,info@vvdav.com,"D Block, Vikaspuri, New Delhi 110018 (Principal: Ms. Shalini Arora)",School,Delhi,,NPSC,http://www.vvdav.org,9811770804,1,1,2026-05-17 21:32:16,,,,,80,high,
168,Venkateshewar International School,9891776567,principal@vis10dwarka.com,"Sec 10, Dwarka, New Delhi 110075 (Principal: Dr. Manisha Sharma)",School,Delhi,,NPSC,http://www.vis10dwarka.com,9891776567,1,1,2026-05-17 21:32:16,,,,,80,high,
169,Vidya Devi Jindal School,9896419601,principal@vdjs.edu.in,"Delhi Road, Hisar, Haryana 125044 (Principal: Ms. Naina Dhillon)",School,Delhi,,NPSC,http://www.vdjs.edu.in,9896419601,1,1,2026-05-17 21:32:16,,,,,80,high,
170,"Delhi Public School, Bathinda",9316952962,dpsbti@yahoo.co.in,"VPO. Bhokra, Goniana Road, Bathinda, Punjab 151201 (Principal: Ms. Jatinder Kumar Saini)",School,Bathinda,,NPSC,http://www.dpsbathinda.com,9316952962,1,1,2026-05-17 21:32:16,,,,,80,high,
171,"Delhi Public School, Bhilai",9584457592,principal@dpsbhilai.in,"Risali Sector, Bhilai, Chattisgarh 490006 (Principal: Mr. Parshant Vashishta)",School,Bhilai,,NPSC,http://www.dpsbhilai.in,9584457592,1,1,2026-05-17 21:32:16,,,,,80,high,
172,"Delhi Public School, Faridabad",9711153434,info@dpsfsis.com,"Sector 19, Main Mathura Road, Near Badkal Mor Metro Station, Faridabad, Haryana-121002 (Principal: Mr. Anil Kumar)",School,Faridabad,,NPSC,http://www.dpsfaridabad.in,9711153434,1,1,2026-05-17 21:32:16,,,,,80,high,
173,"Delhi Public School, Ghaziabad",9424516618,principal.mrd@dpsgs.org,"Site No. 3, Meerut Road, Ghaziabad, U.P. 201009 (Principal: Captain Dr. Dinisha Bhardwaj Singh)",School,Ghaziabad,,NPSC,http://www.dpsgs.org/ghaziabad,9424516618,1,1,2026-05-17 21:32:16,,,,,80,high,
174,"Delhi Public School, Ghaziabad",9419797389,principal.vnd@dpsgs.org,"Sector 9, Vasundhara, Ghaziabad 201012 (Principal: Dr. Vinod Kumar)",School,Ghaziabad,,NPSC,http://www.dpsgs.org/vasundhara,9419797389,1,1,2026-05-17 21:32:16,,,,,80,high,
175,"Delhi Public School, Indirapuram",9958179797,principal@dpsindirapuram.com,"526/1, Ahinsa Khand II, Indirapuram, Ghaziabad (U.P.) 201010 (Principal: Mrs. Priya Elizabeth John)",School,Ghaziabad,,NPSC,http://www.dpsindirapuram.com,9958179797,1,1,2026-05-17 21:32:16,,,,,80,high,
176,"Gurukul, The School",9810244494,principal@gurukultheschool.com,"NH 9, 28 Kms Delhi Milestone, Ghaziabad U.P. 201015 (Principal: Mr. Gaurav Bedi)",School,Ghaziabad,,NPSC,http://www.gurukultheschool.com/,9810244494,1,1,2026-05-17 21:32:16,,,,,80,high,
177,Salwan Public School,9818080173,principal.spssignaturecity@salwanschools.com,"Sector C, 7, Sainik Vihar, Trans Delhi Signature City, (Tronica City) Loni, Ghaziabad, U.P. 201102 (Principal: Ms. Sunita Madan)",School,Ghaziabad,,NPSC,http://www.spstronica.in/,9818080173,1,1,2026-05-17 21:32:16,,,,,80,high,
178,"Delhi Public School, Gurugram",9811712999,dpsgurgaon1@gmail.com,"Site No. 1, Sector 45, Urban Estate, Gurugram, Haryana 122003 (Principal: Ms. Aditi Misra)",School,Gurugram,,NPSC,http://www.dpsgurgaon.org,9811712999,1,1,2026-05-17 21:32:16,,,,,80,high,
179,"Delhi Public School, Maruti Kunj",9999564535,dpsmkg@dpsmarutikunj.org,"Sohna Alwar Road, Maruti Kunj, Bhondsi, Gurugram, Haryana 122102 (Principal: Mr. Akhilesh Chandra Chaturvedi)",School,Gurugram,,NPSC,http://www.dpsmarutikunj.org,9999564535,1,1,2026-05-17 21:32:16,,,,,80,high,
180,"Delhi Public School, Sushant Lok",9643308831,info@dpssl.net,"B Block, Phase1, Sushant Lok, Sector27, (Behind Max Hospital) Gurugram, Haryana122009 (Principal: Mr. Surender P Sachdeva)",School,Gurugram,,NPSC,http://www.dpssl.net,9643308831,1,1,2026-05-17 21:32:16,,,,,80,high,
181,"Delhi Public School, Jaipur",9829046709,jaipurdps@gmail.com,"NH 48, Bankrota, Ajmer Highway, Jaipur, Rajasthan 302026 (Principal: Ms. Richa Prakash Ghosh)",School,Jaipur,,NPSC,http://www.dpsjaipur.com,9829046709,1,1,2026-05-17 21:32:16,,,,,80,high,
182,Sync Test School 647096,8765647096,sync_test_647096@maysanlabs.com,123 Dual Write Street,School,Mumbai,,TEST_SYNC,http://sync-test.maysanlabs.com,8765647096,1,1,2026-05-17 21:49:35,,,,,80,high,
